-- Adminer 4.8.1 MySQL 10.6.16-MariaDB-0ubuntu0.22.04.1 dump

SET NAMES utf8;
SET time_zone = '+00:00';
SET foreign_key_checks = 0;
SET sql_mode = 'NO_AUTO_VALUE_ON_ZERO';

SET NAMES utf8mb4;

DROP TABLE IF EXISTS `answer`;
CREATE TABLE `answer` (
                          `id` int(11) NOT NULL AUTO_INCREMENT,
                          `content` longtext NOT NULL,
                          `created_at` datetime NOT NULL,
                          `updated_at` datetime DEFAULT NULL,
                          `question_id` int(11) DEFAULT NULL,
                          `user_id` int(11) DEFAULT NULL,
                          PRIMARY KEY (`id`),
                          KEY `IDX_DADD4A251E27F6BF` (`question_id`),
                          KEY `IDX_DADD4A25A76ED395` (`user_id`),
                          CONSTRAINT `FK_DADD4A251E27F6BF` FOREIGN KEY (`question_id`) REFERENCES `question` (`id`) ON DELETE CASCADE,
                          CONSTRAINT `FK_DADD4A25A76ED395` FOREIGN KEY (`user_id`) REFERENCES `user` (`id`) ON DELETE SET NULL
) ENGINE=InnoDB DEFAULT CHARSET=utf8mb4 COLLATE=utf8mb4_general_ci;


DROP TABLE IF EXISTS `article`;
CREATE TABLE `article` (
                           `id` int(11) NOT NULL AUTO_INCREMENT,
                           `title` varchar(255) NOT NULL,
                           `summary` varchar(255) NOT NULL,
                           `content` longtext NOT NULL,
                           `slug` varchar(255) NOT NULL,
                           `created_at` datetime NOT NULL,
                           `updated_at` datetime DEFAULT NULL,
                           `picture` varchar(400) DEFAULT NULL,
                           `user_id` int(11) DEFAULT NULL,
                           `category_id` int(11) DEFAULT NULL,
                           `status_id` int(11) NOT NULL,
                           PRIMARY KEY (`id`),
                           KEY `IDX_23A0E66A76ED395` (`user_id`),
                           KEY `IDX_23A0E6612469DE2` (`category_id`),
                           KEY `IDX_23A0E666BF700BD` (`status_id`),
                           CONSTRAINT `FK_23A0E6612469DE2` FOREIGN KEY (`category_id`) REFERENCES `category` (`id`) ON DELETE SET NULL,
                           CONSTRAINT `FK_23A0E666BF700BD` FOREIGN KEY (`status_id`) REFERENCES `status` (`id`),
                           CONSTRAINT `FK_23A0E66A76ED395` FOREIGN KEY (`user_id`) REFERENCES `user` (`id`) ON DELETE SET NULL
) ENGINE=InnoDB DEFAULT CHARSET=utf8mb4 COLLATE=utf8mb4_general_ci;

INSERT INTO `article` (`id`, `title`, `summary`, `content`, `slug`, `created_at`, `updated_at`, `picture`, `user_id`, `category_id`, `status_id`) VALUES
    (1,	'Évitez de Devenir un Buffet à Zombies : Guide d\'un Abri Sûr',	'            Dans un monde où les morts-vivants e...',	'            Dans un monde où les morts-vivants errent sans relâche, un abri sûr peut faire toute la différence entre la survie et devenir un déjeuner pour zombies. Suivez ce guide pour construire un abri qui vous protégera des hordes affamées et vous permettra de garder votre humanité intacte.\r\n    \r\n            Choix de l\'Emplacement\r\n            - Recherchez un endroit éloigné des zones urbaines et densément peuplées.\r\n            - Choisissez un site surélevé pour éviter les inondations et avoir une meilleure visibilité.\r\n    \r\n            Matériaux de Construction\r\n            - Utilisez des matériaux solides et durables comme des cartons renforcés et des palettes en bois.\r\n            - Renforcez les murs avec du ruban adhésif résistant et des bâches plastiques pour une meilleure isolation.\r\n    \r\n            Équipement de Survie\r\n            - Stockez des provisions non périssables, de l\'eau potable et des outils de survie essentiels.\r\n            - Prévoyez une source d\'énergie alternative comme des générateurs solaires ou des piles rechargeables.\r\n    \r\n            Sécurité et Défense\r\n            - Installez des systèmes d\'alarme pour détecter les intrusions de zombies.\r\n            - Prévoyez des armes improvisées comme des battes de baseball ou des objets contondants pour vous défendre en cas d\'attaque.\r\n    \r\n            Astuces Finale\r\n            - Restez discret et évitez d\'attirer l\'attention des zombies avec du bruit ou des lumières vives.\r\n            - Faites régulièrement des exercices d\'évacuation pour être prêt à quitter l\'abri en cas d\'urgence.\r\n    \r\n            En suivant ces conseils, vous augmenterez vos chances de survie dans un monde infesté de zombies. Restez vigilant et rappelez-vous : un abri bien construit peut être votre meilleur allié dans la lutte contre les morts-vivants.\r\n        ',	'evitez-de-devenir-un-buffet-a-zombies-guide-d-un-abri-sur',	'2024-04-07 18:56:31',	NULL,	'https://apocalypse.florencecarlin-server.eddi.cloud/images/articles/Buffet-Zombies.png',	2,	6,	3),
(2,	'Transforme Tes Vieilles Casseroles en Armure Fashion',	'            Bienvenue dans l’univers fabuleux d...',	'            Bienvenue dans l’univers fabuleux de la mode apocalyptique, où chaque casserole et poêle peut devenir une pièce essentielle de ton équipement de survie. Prépare-toi à impressionner les zombies (et peut-être à survivre) avec ton look unique et fonctionnel !\r\n    \r\n            Matériaux Farfelus Mais Efficaces\r\n            - Vieilles Casseroles et Poêles : Les nouvelles armures en acier des temps modernes. En plus, elles font un bruit d\'enfer pour effrayer les zombies.\r\n            - Ceintures en Cuir : Utilisées pour tout attacher et donner ce petit côté rebelle.\r\n            - Couvercles de Poubelles : Tes nouveaux boucliers de héros. Adieu les frisbees, bonjour la protection ultime.\r\n            - Ruban Adhésif (l\'arme secrète) : Parce que tout tient avec du scotch, même tes rêves.\r\n    \r\n            Étapes de Création Loufoques\r\n            1. Protection des Bras et Jambes : \r\n               - Enroule des ceintures et du ruban adhésif autour de tes membres. La mode apocalypse, c’est serré et sécurisé !\r\n               - Fixe des morceaux de vieilles casseroles sur les parties stratégiques. Pour le style, bien sûr.\r\n    \r\n            2. Plastron et Dos :\r\n               - Prends un vieux pull (le plus moche que tu trouves).\r\n               - Attache des couvercles de poubelles sur le devant et le dos avec des ceintures et du ruban adhésif. Tu seras invincible et chic.\r\n    \r\n            3. Casque et Gants :\r\n               - Utilise un vieux pot de fleurs ou un saladier comme casque. Glamour et protection en un seul accessoire.\r\n               - Mets des gants de jardinage et renforce-les avec du ruban adhésif. Tes mains resteront belles et entières.\r\n    \r\n            Astuces Délirantes\r\n            - Personnalise Ton Style : Plus c\'est bizarre, mieux c\'est ! Les zombies seront trop perplexes pour t\'attaquer.\r\n            - Camouflage Fashion : Peins ton armure avec des motifs ridicules pour distraire les zombies. Avec un peu de chance, ils seront morts de rire.\r\n            - Réparations Express : Garde toujours du ruban adhésif à portée de main. C\'est comme du scotch magique pour ton armure.\r\n    \r\n            En suivant ces étapes, tu seras prêt à affronter les zombies avec une armure qui ne passe pas inaperçue. Reste créatif et souviens-toi : l’humour et le style sont tes meilleures armes contre la fin du monde (et les zombies).\r\n        ',	'transforme-tes-vieilles-casseroles-en-armure-fashion',	'2024-03-11 00:04:35',	NULL,	'https://apocalypse.florencecarlin-server.eddi.cloud/images/articles/casseroule-2.png',	9,	3,	3),
(4,	'Les Zombies et Toi : Coexistence ou Pas',	'            Face à l\'apocalypse zombie, la quest...',	'            Face à l\'apocalypse zombie, la question se pose : est-il possible de coexister pacifiquement avec les morts-vivants, ou sommes-nous condamnés à un affrontement sans fin ? Dans cet article, nous explorons les différentes perspectives sur cette épineuse question.\r\n    \r\n            Approche de la Coexistence\r\n            - Certains survivants prônent une approche pacifique, cherchant à comprendre les motivations des zombies et à trouver des moyens de vivre en harmonie avec eux.\r\n            - Des initiatives telles que des zones de sécurité partagées et des programmes de réhabilitation zombie ont été proposées pour favoriser la cohabitation.\r\n    \r\n            Stratégies de Défense\r\n            - D\'autres considèrent les zombies comme une menace inévitable et préconisent des mesures de défense agressives pour garantir la sécurité des communautés humaines.\r\n            - Des techniques de combat avancées et des barricades renforcées sont mises en place pour repousser les attaques de zombies et protéger les zones habitées.\r\n    \r\n            Évolution des Relations\r\n            - Alors que certaines interactions entre humains et zombies restent tendues, des cas isolés de coopération ont été signalés, suggérant une possible évolution des relations entre les deux espèces.\r\n            - Des initiatives de sensibilisation et d\'éducation sont en cours pour promouvoir la compréhension mutuelle et la tolérance dans un monde post-apocalyptique.\r\n    \r\n            Conclusion\r\n            - La question de la coexistence avec les zombies reste complexe et sujette à débat. Alors que certains restent optimistes quant à la possibilité d\'une paix durable, d\'autres continuent de se préparer à un conflit inévitable.\r\n            - Quelle que soit votre opinion sur la question, une chose est sûre : dans un monde envahi par les morts-vivants, la survie reste la priorité absolue.\r\n    \r\n            En fin de compte, la décision de coexister ou de combattre les zombies dépendra de vos valeurs, de vos convictions et de votre instinct de survie. Choisissez avec sagesse, car votre décision pourrait façonner le destin de l\'humanité dans ce nouveau monde.\r\n        ',	'les-zombies-et-toi-coexistence-ou-pas',	'2024-04-12 10:04:29',	NULL,	'https://apocalypse.florencecarlin-server.eddi.cloud/images/articles/coexistante-zopmbie-3.png',	2,	7,	3),
(5,	'Construis un Abri Anti-Zombie avec des Cartons',	'            Dans un monde envahi par les morts-vi...',	'            Dans un monde envahi par les morts-vivants, la construction d\'un abri sûr est essentielle pour assurer votre survie. Dans cet article, nous vous montrons comment utiliser des matériaux simples tels que des cartons pour créer un abri anti-zombie efficace et fonctionnel.\r\n    \r\n            Choix de l\'Emplacement\r\n            - Recherchez un endroit éloigné des zones urbaines et densément peuplées pour réduire les risques d\'attaque zombie.\r\n            - Optez pour un site surélevé et facilement défendable pour une protection supplémentaire contre les hordes de zombies.\r\n    \r\n            Préparation des Matériaux\r\n            - Rassemblez des cartons robustes et résistants à l\'eau pour la construction de votre abri.\r\n            - Démontez les cartons et aplatissez-les pour en faire des panneaux de construction plus facilement manipulables.\r\n    \r\n            Assemblage de l\'Abri\r\n            1. Fondation :\r\n               - Disposez les panneaux de carton sur le sol pour créer une base solide pour votre abri.\r\n               - Utilisez du ruban adhésif ou de la colle pour fixer les panneaux ensemble et renforcer la structure.\r\n    \r\n            2. Murs et Toit :\r\n               - Érigez les panneaux de carton pour former les murs de votre abri, en veillant à les fixer solidement les uns aux autres.\r\n               - Utilisez des morceaux de carton supplémentaires pour créer un toit incliné, assurant ainsi une protection contre les intempéries et les attaques aériennes de zombies.\r\n    \r\n            3. Porte et Fenêtres :\r\n               - Découpez soigneusement des ouvertures pour la porte et les fenêtres, en vous assurant qu\'elles sont assez grandes pour permettre une entrée facile tout en conservant une sécurité maximale.\r\n               - Utilisez du ruban adhésif pour renforcer les bords des ouvertures et ajouter des morceaux de carton supplémentaires pour plus de solidité.\r\n    \r\n            Finitions et Décoration\r\n            - Ajoutez des couches supplémentaires de carton pour renforcer les zones vulnérables de votre abri, telles que les coins et les jonctions.\r\n            - Personnalisez votre abri avec des dessins et des motifs pour le rendre plus accueillant et dissuader les zombies de s\'approcher.\r\n    \r\n            En suivant ces étapes simples, vous pourrez construire un abri anti-zombie résistant et sécurisé à partir de matériaux facilement disponibles. Préparez-vous à affronter l\'apocalypse avec confiance, car avec un abri solide, vous êtes mieux armé pour survivre aux défis qui vous attendent.\r\n        ',	'construis-un-abri-anti-zombie-avec-des-cartons',	'2024-02-10 11:35:18',	NULL,	'https://apocalypse.florencecarlin-server.eddi.cloud/images/articles/cabane.png',	6,	6,	3),
(6,	'Survie pour les Nuls : Éviter de Devenir un Apéritif',	'            Vous êtes novice en matière de surv...',	'            Vous êtes novice en matière de survie dans un monde infesté de zombies ? Pas de panique ! Dans cet article, nous vous proposons quelques conseils simples mais essentiels pour éviter de devenir la prochaine collation des morts-vivants.\r\n    \r\n            Restez en Mouvement\r\n            - Évitez les endroits surpeuplés et les zones à risque élevé pour minimiser vos chances d\'attirer l\'attention des zombies.\r\n            - Déplacez-vous discrètement et évitez les mouvements brusques qui pourraient vous trahir.\r\n    \r\n            Restez Silencieux\r\n            - Limitez les bruits et les conversations inutiles pour ne pas attirer l\'attention des zombies.\r\n            - Utilisez des signaux gestuels ou des chuchotements pour communiquer avec les membres de votre groupe sans alerter les morts-vivants.\r\n    \r\n            Restez Caché\r\n            - Trouvez des endroits sûrs et discrets pour vous cacher en cas d\'urgence.\r\n            - Utilisez la végétation dense, les bâtiments abandonnés ou les véhicules abandonnés comme abris temporaires pour échapper aux zombies.\r\n    \r\n            Restez Prêt\r\n            - Gardez votre équipement de survie à portée de main en tout temps, y compris de la nourriture, de l\'eau, des médicaments et des outils de défense.\r\n            - Restez attentif à votre environnement et anticipez les dangers potentiels pour réagir rapidement en cas d\'attaque de zombies.\r\n    \r\n            Restez Positif\r\n            - Gardez espoir et restez concentré sur votre objectif de survie, même dans les situations les plus désespérées.\r\n            - Rappelez-vous que même les plus grands héros ont commencé quelque part, et avec de la détermination et un peu de chance, vous pouvez survivre à cette apocalypse zombie.\r\n    \r\n            En suivant ces conseils simples mais cruciaux, même les débutants en survie peuvent augmenter leurs chances de survie dans un monde infesté de zombies. Alors n\'ayez pas peur, restez prudent et préparez-vous à affronter les défis qui vous attendent avec courage et détermination.\r\n        ',	'survie-pour-les-nuls-eviter-de-devenir-un-aperitif',	'2024-02-29 14:07:03',	NULL,	'https://apocalypse.florencecarlin-server.eddi.cloud/images/articles/aperitif.png',	6,	2,	3),
(11,	'Cuisiner en Temps de Crise : Les Aventures Gastronomiques des Survivants',	'Quand le monde s\'effondre et que les supermarchés ne sont plus qu\'un souvenir lointain, certains survivants refusent de renoncer aux joies de la cuisi',	'Quand le monde s\'effondre et que les supermarchés ne sont plus qu\'un souvenir lointain, certains survivants refusent de renoncer aux joies de la cuisine. Voici un aperçu humoristique de la vie dans la cuisine d\'un bunker de survie, où l\'improvisation et la bonne humeur sont les ingrédients principaux.\r\n\r\n\"La Cuisine, un Art de Survivre\"\r\nDans le refuge sécurisé \"Le Dernier Repas\", les rescapés de l\'apocalypse ont transformé leur cuisine en un véritable laboratoire gastronomique. Avec des ressources limitées et des moyens de fortune, chaque repas devient une aventure culinaire.\r\n\r\nLes Techniques de Cuisine Post-Apocalyptique\r\nLe Réchaud de Récup\' : Improvisez un poêle avec des matériaux de récupération. Les boîtes de conserve et les tuyaux rouillés deviennent des ustensiles essentiels. Et pourquoi pas un four solaire pour les jours ensoleillés ?\r\n\r\nLa Coupe de Légumes en Tenue de Combat : Pour se protéger des éclats de légumes volants (et des éventuels contaminants), une armure de fortune est indispensable. Des gants de jardinage et des casques de vélo feront parfaitement l\'affaire.\r\n\r\nLe Mixeur à Vélo : Transformez votre ancienne bicyclette en un blender ultra-écologique. Un peu de pédalage et voilà, un smoothie frais à partir de fruits en conserve.\r\n\r\nUne Ambiance Légère pour des Jours Difficiles\r\nMalgré le contexte difficile, l\'ambiance dans la cuisine du bunker reste étonnamment joyeuse. Entre les blagues sur les légumes mutants et les concours de cuisine improvisés, l\'esprit de camaraderie et d\'innovation culinaire ne faiblit jamais.\r\n\r\n\"On dit toujours que la faim est le meilleur des chefs, mais ici, c\'est l\'ingéniosité qui prend le dessus,\" plaisante Henri, le chef en chef du bunker. \"Qui aurait cru qu\'on pourrait faire un ragoût si savoureux avec des conserves de 20 ans ?\"\r\n\r\nEn conclusion, même en temps de crise, la cuisine reste un espace de créativité et de réconfort. Continuez à cuisiner et à savourer, car chaque repas est une victoire sur l\'adversité.\r\n\r\nBon appétit, survivants gourmets !',	'cuisiner-en-temps-de-crise-les-aventures-gastronomiques-des-survivants',	'2024-06-05 18:50:18',	'2024-06-05 18:50:18',	'https://apocalypse.florencecarlin-server.eddi.cloud/images/articles/cooking-6660b36a4d26c217486709.jpg',	15,	5,	3),
(12,	'Cuisine Post-Apocalyptique : Le Festin des Survivants',	'Bienvenue à notre rubrique \"Cuisine\" post-apocalyptique, où nous transformons le chaos en délices! Aujourd\'hui, nous allons explorer l\'art de cuisiner',	'Bienvenue à notre rubrique \"Cuisine\" post-apocalyptique, où nous transformons le chaos en délices! Aujourd\'hui, nous allons explorer l\'art de cuisiner après l\'apocalypse zombie. Vous avez faim de quelque chose de plus qu\'un simple cerveau? Vous êtes au bon endroit!\r\n\r\nRecette du Jour : Ragoût de Survivant\r\nIngrédients :\r\n\r\n1 boîte de haricots (trouvée derrière un vieux supermarché)\r\nQuelques herbes sauvages (cueillies dans la zone de quarantaine)\r\nMorceaux de viande (nous ne poserons pas trop de questions sur leur provenance)\r\nEau de pluie (bouillie pour la sécurité, bien sûr)\r\nInstructions :\r\n\r\nDans une casserole rouillée, faites chauffer un peu d\'eau de pluie jusqu\'à ébullition.\r\nAjoutez les haricots et laissez mijoter. Si un zombie tente de voler votre repas, utilisez une batte de baseball pour le dissuader (un ingrédient secret de notre cuisine!).\r\nIncorporez les herbes sauvages pour donner un peu de saveur à votre plat.\r\nAjoutez les morceaux de viande et laissez cuire jusqu\'à ce que tout soit bien tendre. Vous saurez que c\'est prêt lorsque même le zombie le plus affamé du coin viendra renifler.\r\nEt voilà, un ragoût de survivant prêt à être dégusté. Bon appétit et restez vigilants!\r\n\r\n\r\nRappelez-vous : même en temps d\'apocalypse, il est important de savourer chaque bouchée. Qui sait quand sera votre prochain repas?\r\n\r\n\r\nBienvenue à notre rubrique \"Cuisine\" post-apocalyptique, où nous transformons le chaos en délices! Aujourd\'hui, nous allons explorer l\'art de cuisiner après l\'apocalypse zombie. Vous avez faim de quelque chose de plus qu\'un simple cerveau? Vous êtes au bon endroit!\r\n\r\nRecette du Jour : Ragoût de Survivant\r\nIngrédients :\r\n\r\n1 boîte de haricots (trouvée derrière un vieux supermarché)\r\nQuelques herbes sauvages (cueillies dans la zone de quarantaine)\r\nMorceaux de viande (nous ne poserons pas trop de questions sur leur provenance)\r\nEau de pluie (bouillie pour la sécurité, bien sûr)\r\nInstructions :\r\n\r\nDans une casserole rouillée, faites chauffer un peu d\'eau de pluie jusqu\'à ébullition.\r\nAjoutez les haricots et laissez mijoter. Si un zombie tente de voler votre repas, utilisez une batte de baseball pour le dissuader (un ingrédient secret de notre cuisine!).\r\nIncorporez les herbes sauvages pour donner un peu de saveur à votre plat.\r\nAjoutez les morceaux de viande et laissez cuire jusqu\'à ce que tout soit bien tendre. Vous saurez que c\'est prêt lorsque même le zombie le plus affamé du coin viendra renifler.\r\nEt voilà, un ragoût de survivant prêt à être dégusté. Bon appétit et restez vigilants!\r\n\r\nRappelez-vous : même en temps d\'apocalypse, il est important de savourer chaque bouchée. Qui sait quand sera votre prochain repas?',	'cuisine-post-apocalyptique-le-festin-des-survivants',	'2024-06-05 18:54:26',	'2024-06-05 18:54:26',	'https://apocalypse.florencecarlin-server.eddi.cloud/images/articles/apocacook-6660b462a189f275066594.jpg',	15,	5,	3),
(13,	'L\'Équipement Ultime du Survivant Apocalyptique',	'Dans un monde ravagé par des catastrophes innommables, la survie n’est pas seulement une question de chance, mais de préparation et d’ingéniosité. Auj',	'Dans un monde ravagé par des catastrophes innommables, la survie n’est pas seulement une question de chance, mais de préparation et d’ingéniosité. Aujourd\'hui, nous explorons l\'équipement essentiel d\'un survivant apocalyptique, un héros des temps modernes.\r\n\r\nRencontrons Gérard, notre survivant bien équipé. Gérard n\'est pas un simple rescapé, c\'est un véritable MacGyver de l\'ère post-apocalyptique. Sa tenue, un mélange astucieux de trouvailles et d\'inventions, est à la fois fonctionnelle et résolument stylée. Son casque ? Une casserole trouvée dans une cuisine abandonnée. Sa protection corporelle ? Des panneaux de signalisation routière judicieusement pliés et fixés. Prêt à tout, Gérard !\r\n\r\nSon sac à dos, bourré de provisions et d\'outils, est un véritable arsenal de la débrouillardise. On y trouve des conserves en quantité suffisante pour nourrir une petite armée, un purificateur d\'eau fait maison à partir de bouteilles en plastique, et bien sûr, une trousse de premiers soins toujours à portée de main.\r\n\r\nMais ce n\'est pas tout. Gérard ne s\'aventure jamais sans son arme improvisée, un mélange curieux de bâton et de ferraille, parfait pour dissuader les ennemis et ouvrir des boîtes de conserve. À ses côtés, un radio à manivelle pour rester en contact avec les autres survivants et un chargeur solaire pour alimenter ses gadgets.\r\n\r\nEt que dire de son équipement supplémentaire ? Un petit générateur à pédale pour produire de l’électricité en cas de besoin, une série de batteries rechargeables, et même un petit kit de couture pour réparer ses vêtements et son équipement en cas de besoin.\r\n\r\nEn arrière-plan, le paysage urbain dévasté raconte l\'histoire d\'une civilisation passée, mais pour Gérard, chaque ruine est une opportunité. Avec son équipement ingénieux et son attitude résolument positive, il transforme chaque défi en victoire.\r\n\r\nEn conclusion, être bien équipé n\'est pas seulement une question de survie, c\'est un art. Gérard et ses semblables nous rappellent que même dans les pires conditions, l\'ingéniosité humaine trouve toujours un moyen de briller. Alors, à tous les aspirants survivants : équipez-vous bien, soyez inventifs, et surtout, gardez le sourire. Car après tout, l\'apocalypse n\'est qu\'une nouvelle aventure !\r\n',	'l-equipement-ultime-du-survivant-apocalyptique',	'2024-06-05 18:55:42',	'2024-06-05 18:55:42',	'https://apocalypse.florencecarlin-server.eddi.cloud/images/articles/equipzombie-6660b4ae082a0227241018.jpg',	15,	3,	3),
(14,	'L\'Équipement Apocalyptique pour Chiens : Quand Médor Devient Super-Chien',	'Dans un monde où les zombies rôdent (ou simplement où les ressources sont limitées), nos compagnons à quatre pattes ne sont pas en reste. Bienvenue da',	'Dans un monde où les zombies rôdent (ou simplement où les ressources sont limitées), nos compagnons à quatre pattes ne sont pas en reste. Bienvenue dans l’univers de l’équipement apocalyptique pour chiens, où chaque toutou devient un super-héros de la survie.\r\n\r\nRencontrons Rex, le chien le mieux équipé de tout l\'apocalypse. Rex ne se contente pas d\'être un adorable cabot, il est aussi prêt à affronter les pires scénarios avec style et efficacité. Son casque, fait d’un bol renversé, le protège des chutes d’objets divers et variés. Quant à son armure, confectionnée à partir de morceaux de métal récupérés, elle ferait pâlir d’envie un chevalier médiéval.\r\n\r\nSon sac à dos, minutieusement rempli de croquettes, d’outils et de jouets (parce qu’il ne faut jamais négliger le plaisir, même en pleine apocalypse), est un véritable trésor. On y trouve également un bol d’eau bricolé avec des matériaux de récupération, une lampe torche à manivelle pour éclairer les nuits sombres et un petit chargeur solaire pour alimenter tous ses gadgets.\r\n\r\nLe paysage en arrière-plan est celui d’une ville en ruines, mais pour Rex, chaque tas de décombres est une aventure en puissance. Il navigue à travers ce chaos avec l’aisance d’un chien des champs en promenade. Et bien sûr, il ne serait pas complet sans sa mini-trousse de premiers soins attachée à son flanc, prête à soigner les petits bobos de l\'apocalypse.\r\n\r\nRex est également équipé d’un gilet réfléchissant, pour ne jamais passer inaperçu, même dans les ténèbres les plus profondes. Et pour les jours de pluie, un poncho improvisé à partir d’un sac plastique le garde au sec. Ce chien est une véritable légende de la débrouillardise !\r\n\r\nEn conclusion, dans ce monde nouveau où l\'improvisation est reine, nos fidèles compagnons canins sont non seulement des alliés précieux, mais aussi des modèles d’ingéniosité. Suivez l\'exemple de Rex et équipez vos chiens avec amour et créativité. Après tout, un chien bien préparé est un chien heureux, même à l’aube de l’apocalypse.\r\n\r\nAlors, à tous les maîtres survivants : pensez à vos toutous, car eux aussi ont besoin d’être prêts pour l’aventure. Bon courage, et que vos chiens soient aussi vaillants que Rex !',	'l-equipement-apocalyptique-pour-chiens-quand-medor-devient-super-chien',	'2024-06-05 18:56:45',	'2024-06-05 18:56:45',	'https://apocalypse.florencecarlin-server.eddi.cloud/images/articles/chienapo-6660b4edaf871348153639.jpg',	15,	3,	3),
(15,	'Zombies ou Allergies ? Fais la Différence',	'Dans un scénario digne des meilleurs films d\'horreur, la ville de Paris a été le théâtre d\'une confusion épique la nuit dernière. Des passants ont sig',	'Dans un scénario digne des meilleurs films d\'horreur, la ville de Paris a été le théâtre d\'une confusion épique la nuit dernière. Des passants ont signalé une horde de \"zombies\" déambulant dans les rues, semant la panique parmi les habitants. Cependant, après une enquête plus approfondie, il s\'avère que beaucoup de ces prétendus zombies n\'étaient en réalité que des personnes souffrant de sévères allergies printanières.\r\n\r\nLes premiers témoignages parlaient de groupes de personnes à l\'apparence cadavérique, avec des vêtements en lambeaux et une démarche chancelante. Rapidement, la rumeur d\'une invasion zombie s\'est répandue comme une traînée de poudre, amplifiée par les réseaux sociaux.\r\n\r\n\"J\'ai vu ces gens marcher vers moi, les yeux rouges et larmoyants, le nez coulant, et j\'ai immédiatement pensé que c\'étaient des zombies\", raconte Marc, un résident du Marais. \"C\'était comme dans un cauchemar, jusqu\'à ce que je réalise qu\'ils éternuaient et se grattaient frénétiquement.\"\r\n\r\nIl semble que le coupable de cette confusion soit une combinaison de forte pollution et de la saison des pollens. Les symptômes d\'allergies sévères – yeux rouges, nez qui coule, éternuements constants, et une apparence fatiguée – peuvent facilement être confondus avec ceux d\'un mort-vivant pour quelqu\'un dont l\'esprit est influencé par les films de zombies.\r\n\r\nLes autorités locales ont rapidement diffusé des messages pour calmer la population, rappelant que les symptômes d\'allergie peuvent être traités avec des antihistaminiques et qu\'il n\'y a aucune raison de paniquer. Ils ont également conseillé aux habitants de se laver fréquemment le visage et de porter des masques pour réduire l\'exposition aux pollens.\r\n\r\nCette anecdote insolite rappelle à tous l\'importance de ne pas sauter trop vite aux conclusions et de considérer les explications les plus plausibles avant de céder à la panique.',	'zombies-ou-allergies-fais-la-difference',	'2024-06-05 18:57:32',	'2024-06-05 18:57:32',	'https://apocalypse.florencecarlin-server.eddi.cloud/images/articles/allergie-6660b51c7e603566588129.jpg',	15,	4,	3),
(16,	'Soigner les Morsures de Zombie avec du Scotch',	'Dans une tournure aussi absurde qu\'inattendue, une nouvelle tendance émerge parmi les survivants de l\'apocalypse zombie : l\'utilisation du scotch pour',	'Dans une tournure aussi absurde qu\'inattendue, une nouvelle tendance émerge parmi les survivants de l\'apocalypse zombie : l\'utilisation du scotch pour soigner les morsures de zombie. Cette pratique, bien que scientifiquement discutable, connaît un succès surprenant auprès de ceux qui ne savent plus où donner de la tête face à l\'invasion de morts-vivants.\r\n\r\nJean-Marc, un bricoleur averti, a découvert cette méthode par accident. \"Je venais de me faire mordre et, pris de panique, j\'ai attrapé le premier truc qui me tombait sous la main, du scotch. J\'ai enroulé la morsure avec et, à ma grande surprise, ça a semblé calmer l\'infection\", raconte-t-il avec un sourire désabusé.\r\n\r\nDepuis lors, des dizaines de survivants ont suivi son exemple, enroulant méthodiquement leurs blessures avec du scotch, espérant que cette méthode miraculeuse puisse les sauver de la zombification. Des vidéos de tutoriels \"DIY\" sur comment appliquer correctement le scotch sur une morsure de zombie font fureur sur les réseaux sociaux, apportant une lueur d\'humour dans une situation autrement désespérée.\r\n\r\nBien entendu, les experts médicaux sont sceptiques quant à l\'efficacité de cette méthode. \"Il n\'y a aucune preuve scientifique que le scotch puisse stopper une infection de zombie\", explique le Dr. Bernadette Moreau. \"Il est essentiel que les gens cherchent un traitement médical approprié et ne comptent pas sur des solutions improvisées.\"\r\n\r\nCependant, face à la rareté des ressources et à l\'urgence de la situation, beaucoup trouvent que cette solution pragmatique offre une lueur d\'espoir, même si elle ne fait que retarder l\'inévitable.',	'soigner-les-morsures-de-zombie-avec-du-scotch',	'2024-06-05 18:58:12',	'2024-06-05 18:58:12',	'https://apocalypse.florencecarlin-server.eddi.cloud/images/articles/morsures-6660b544817ad236444736.jpg',	15,	4,	3),
(17,	'Securité Post-Apocalyptique : La Zombification, Une Histoire de Quartier',	'Bienvenue dans notre section \"Protection\" ! Aujourd\'hui, nous allons aborder un sujet crucial pour tous les survivants d\'un monde apocalyptique zombie',	'Bienvenue dans notre section \"Protection\" ! Aujourd\'hui, nous allons aborder un sujet crucial pour tous les survivants d\'un monde apocalyptique zombie : comment garder votre quartier sûr, tout en gardant le sourire.\r\n\r\nL\'importance d\'un bon périmètre\r\n\r\nD\'abord, il faut savoir qu\'un périmètre bien établi est la clé de la tranquillité. Des barricades faites de vieilles voitures, de meubles et de débris peuvent faire des merveilles. Assurez-vous d\'ajouter des pancartes humoristiques comme \"Zone Sans Zombies\" ou \"Cerveaux Interdits\". Non seulement cela découragera les morts-vivants, mais cela gardera aussi le moral de vos voisins.\r\n\r\nÉvitez les rassemblements trop bruyants\r\n\r\nBien sûr, il est essentiel de socialiser, mais n\'oubliez pas : les zombies adorent les fêtes. Limitez le bruit et préférez les soirées jeux de société aux concerts rock endiablés. Vous pouvez aussi organiser des compétitions de lancer de tête de zombie (en plastique, bien sûr) pour détendre l\'atmosphère.\r\n\r\nÉquipez-vous intelligemment\r\n\r\nLes gadgets sont vos amis ! Des pièges ingénieux comme des systèmes de poulies pour lancer des seaux d\'eau sur les zombies (ils détestent ça, c\'est bien connu) peuvent faire la différence. Et pour les moments de détente, pourquoi ne pas ouvrir un stand de \"Jus de Zombie Fraîchement Pressé\" ? Bon, d\'accord, peut-être pas, mais une bonne limonade maison peut faire des miracles.\r\n\r\nEn suivant ces conseils simples mais efficaces, vous pouvez transformer votre quartier en une véritable forteresse anti-zombie, tout en gardant un esprit léger et une communauté soudée. Après tout, survivre à l\'apocalypse zombie, c\'est aussi savoir s\'amuser un peu !\r\n\r\nRestez en sécurité, restez en vie, et surtout, restez de bonne humeur !',	'securite-post-apocalyptique-la-zombification-une-histoire-de-quartier',	'2024-06-05 19:00:14',	'2024-06-05 19:00:14',	'https://apocalypse.florencecarlin-server.eddi.cloud/images/articles/safetyzombie-6660b5bea02e7642734724.jpg',	15,	1,	3),
(18,	'Construire en Pleine Apocalypse Zombie : Un Guide pour les Intrépides',	'Alors que la civilisation s\'effondre sous les assauts incessants des zombies, il reste des irréductibles qui ne laissent pas une invasion de morts-viv',	'Alors que la civilisation s\'effondre sous les assauts incessants des zombies, il reste des irréductibles qui ne laissent pas une invasion de morts-vivants perturber leur emploi du temps. Oui, vous l\'avez deviné, nous parlons bien des héros modernes : les ouvriers du bâtiment. Dans cet article, nous allons explorer comment la construction continue de prospérer malgré l\'apocalypse zombie.\r\n\r\n\"La Construction, C\'est Notre Vie... Littéralement\"\r\nSur le chantier du nouveau complexe résidentiel \"L\'Antre Fortifié\", les ouvriers travaillent avec une détermination inébranlable. Pour eux, les zombies ne sont qu\'un léger désagrément, à peine plus gênant que le bruit des marteaux-piqueurs.\r\n\r\n\"Les zombies, c\'est comme les syndicalistes, ils râlent tout le temps, mais au fond, ils ne font pas grand-chose,\" plaisante Gérard, chef de chantier depuis 25 ans. \"Il suffit de leur jeter un peu de ciment sur la tête et ils se calment.\"\r\n\r\nTechniques de Survie et de Construction\r\nCiment Anti-Zombie : Une nouvelle méthode de dissuasion qui consiste à verser du ciment frais sur les zombies. Cela les fige sur place, créant ainsi de parfaites statues d\'horreur moderne.\r\n\r\nBarrières de Briques : Les murs en briques ne sont plus seulement des structures, mais des remparts contre les envahisseurs. Les zombies n\'ont pas encore compris comment contourner un bon vieux mur de briques.\r\n\r\nPlans d\'Urgence : Les ouvriers savent que la clé de la survie est dans la préparation. Les plans de construction incluent désormais des routes d\'évacuation et des bunkers.\r\n\r\nL\'Art de l\'Ignorance Sélective\r\nUn des secrets du succès de ces chantiers en période de crise zombie est l\'ignorance sélective. \"Regarder les zombies, c\'est leur donner de l\'importance,\" explique Luc, contremaître philosophe. \"Nous, on les ignore, et ils finissent par faire pareil.\"\r\n\r\nL\'image montre parfaitement cette dynamique. Les ouvriers continuent leur travail, imperturbables, alors que les zombies tentent désespérément de perturber leur quotidien. Entre Gérard qui verse du ciment sur un zombie et Luc qui lit des plans comme si de rien n\'était, on comprend que la vraie apocalypse, c\'est d\'arrêter de travailler.\r\n\r\nEn conclusion, l\'apocalypse zombie est peut-être une catastrophe pour beaucoup, mais pour nos vaillants constructeurs, c\'est juste une autre journée au bureau. Alors, la prochaine fois que vous verrez un chantier, rappelez-vous qu\'il pourrait bien s\'agir de la dernière forteresse de l\'humanité.\r\n\r\nContinuez à construire et à vous battre, mes amis. Le monde a besoin de vous, même en morceaux.\r\n\r\nAlors que la civilisation s\'effondre sous les assauts incessants des zombies, il reste des irréductibles qui ne laissent pas une invasion de morts-vivants perturber leur emploi du temps. Oui, vous l\'avez deviné, nous parlons bien des héros modernes : les ouvriers du bâtiment. Dans cet article, nous allons explorer comment la construction continue de prospérer malgré l\'apocalypse zombie.\r\n\r\n\"La Construction, C\'est Notre Vie... Littéralement\"\r\nSur le chantier du nouveau complexe résidentiel \"L\'Antre Fortifié\", les ouvriers travaillent avec une détermination inébranlable. Pour eux, les zombies ne sont qu\'un léger désagrément, à peine plus gênant que le bruit des marteaux-piqueurs.\r\n\r\n\"Les zombies, c\'est comme les syndicalistes, ils râlent tout le temps, mais au fond, ils ne font pas grand-chose,\" plaisante Gérard, chef de chantier depuis 25 ans. \"Il suffit de leur jeter un peu de ciment sur la tête et ils se calment.\"\r\n\r\nTechniques de Survie et de Construction\r\nCiment Anti-Zombie : Une nouvelle méthode de dissuasion qui consiste à verser du ciment frais sur les zombies. Cela les fige sur place, créant ainsi de parfaites statues d\'horreur moderne.\r\n\r\nBarrières de Briques : Les murs en briques ne sont plus seulement des structures, mais des remparts contre les envahisseurs. Les zombies n\'ont pas encore compris comment contourner un bon vieux mur de briques.\r\n\r\nPlans d\'Urgence : Les ouvriers savent que la clé de la survie est dans la préparation. Les plans de construction incluent désormais des routes d\'évacuation et des bunkers.\r\n\r\nL\'Art de l\'Ignorance Sélective\r\nUn des secrets du succès de ces chantiers en période de crise zombie est l\'ignorance sélective. \"Regarder les zombies, c\'est leur donner de l\'importance,\" explique Luc, contremaître philosophe. \"Nous, on les ignore, et ils finissent par faire pareil.\"\r\n\r\nL\'image montre parfaitement cette dynamique. Les ouvriers continuent leur travail, imperturbables, alors que les zombies tentent désespérément de perturber leur quotidien. Entre Gérard qui verse du ciment sur un zombie et Luc qui lit des plans comme si de rien n\'était, on comprend que la vraie apocalypse, c\'est d\'arrêter de travailler.\r\n\r\nEn conclusion, l\'apocalypse zombie est peut-être une catastrophe pour beaucoup, mais pour nos vaillants constructeurs, c\'est juste une autre journée au bureau. Alors, la prochaine fois que vous verrez un chantier, rappelez-vous qu\'il pourrait bien s\'agir de la dernière forteresse de l\'humanité.\r\n\r\nContinuez à construire et à vous battre, mes amis. Le monde a besoin de vous, même en morceaux.\r\n',	'construire-en-pleine-apocalypse-zombie-un-guide-pour-les-intrepides',	'2024-06-05 19:01:06',	'2024-06-05 19:01:06',	'https://apocalypse.florencecarlin-server.eddi.cloud/images/articles/contructs-zombie-6660b5f2c2cd0143320011.jpg',	15,	6,	3),
(22,	'Comment fabriquer un abri de fortune avec un poulailler',	'Lorsqu\'une situation d\'urgence se présente et qu\'un abri temporaire est nécessaire, un poulailler peut être transformé en un refuge efficace avec un p',	'Lorsqu\'une situation d\'urgence se présente et qu\'un abri temporaire est nécessaire, un poulailler peut être transformé en un refuge efficace avec un peu de créativité et quelques matériaux de récupération. Voici comment procéder :\r\n\r\nNettoyage et préparation : Commencez par vider le poulailler et nettoyer soigneusement l\'intérieur. Assurez-vous qu\'il n\'y a pas de résidus de nourriture ou de litière pour éviter d\'attirer les nuisibles.\r\n\r\nIsolation et protection : Utilisez des bâches pour couvrir les parois extérieures et renforcer l\'isolation. Cela aidera à protéger contre les intempéries. Fixez les bâches avec des cordes ou des pinces pour assurer leur stabilité.\r\n\r\nStructure intérieure : Ajoutez des planches de bois pour créer un plancher solide. Vous pouvez également utiliser des palettes en bois pour surélever légèrement le sol et éviter l\'humidité.\r\n\r\nMobilier basique : Installez quelques meubles simples comme une petite table et une chaise pour rendre l\'abri plus confortable. Recyclez des matériaux comme des caisses en bois pour fabriquer des étagères ou des supports.\r\n\r\nVentilation et lumière : Assurez-vous que l\'abri dispose d\'une bonne ventilation pour éviter la condensation et les moisissures. Utilisez des lampes solaires ou des lanternes pour l\'éclairage.\r\n\r\nDécoration et confort : Pour rendre l\'espace plus accueillant, ajoutez des couvertures, des coussins et des tapis. Vous pouvez également planter quelques fleurs autour de l\'abri pour une touche de verdure.\r\n\r\nEn suivant ces étapes, vous pouvez transformer un simple poulailler en un abri de fortune confortable et fonctionnel. Ce type de bricolage peut être extrêmement utile en cas de besoin urgent d\'hébergement temporaire.\r\n\r\n\r\n\r\n\r\n\r\n\r\n',	'comment-fabriquer-un-abri-de-fortune-avec-un-poulailler',	'2024-06-05 19:36:48',	'2024-06-05 19:36:48',	'https://apocalypse.florencecarlin-server.eddi.cloud/images/articles/poulailler-6660be5014522946056341.jpg',	12,	6,	1),
(30,	' Ori chat mignon ou chat zombie ?',	'Le monde des animaux de compagnie est rempli de créatures adorables, mais parfois, une nouvelle mode étrange émerge et capte l\'attention du public. Ac',	'Le monde des animaux de compagnie est rempli de créatures adorables, mais parfois, une nouvelle mode étrange émerge et capte l\'attention du public. Actuellement, c\'est Ori, un chat qui divise l\'opinion publique. Avec son apparence unique, Ori oscille entre l\'image d\'un chat mignon et celle d\'un chat zombie.\r\n\r\nOri est un chat domestique avec des caractéristiques physiques hors du commun. Ses grands yeux ronds et perçants lui donnent un regard qui peut paraître à la fois adorable et légèrement effrayant. Certains disent que son expression faciale rappelle les chats kawaii populaires au Japon, tandis que d\'autres trouvent qu\'il a un air sinistre, digne des films de zombies.\r\n\r\nCe contraste a propulsé Ori sur les réseaux sociaux, où les internautes débattent de son apparence. Pour certains, Ori est le chat parfait, avec son visage expressif et ses manières attachantes. Pour d\'autres, il ressemble plus à un personnage de film d\'horreur, avec son regard fixe et intense.\r\n\r\nMalgré les divergences d\'opinion, Ori a su conquérir le cœur de nombreux passionnés d\'animaux. Ses propriétaires partagent régulièrement des photos et des vidéos de lui sur Internet, montrant ses aventures quotidiennes et ses moments de tendresse. Que l\'on trouve Ori mignon ou effrayant, une chose est sûre : il ne laisse personne indifférent.\r\n\r\nEn fin de compte, Ori est peut-être simplement un chat avec une personnalité visuelle unique, rappelant que la beauté est subjective et que chaque animal a son charme particulier. Alors, est-ce que Ori est un chat mignon ou un chat zombie ? La réponse dépend entièrement de votre perspective.',	'ori-chat-mignon-ou-chat-zombie',	'2024-06-06 07:45:34',	'2024-06-06 07:45:34',	'https://apocalypse.florencecarlin-server.eddi.cloud/images/articles/404-6661691e65b2c549376705.jpg',	20,	7,	1),
(31,	'Survivre à l\'Apocalypse : L\'Importance des Coordonnées GPS',	'En cas d\'apocalypse, les coordonnées GPS (latitude et longitude) peuvent devenir des outils essentiels pour la survie. Utiliser un appareil GPS autono',	'En cas d\'apocalypse, les coordonnées GPS (latitude et longitude) peuvent devenir des outils essentiels pour la survie. Utiliser un appareil GPS autonome ou un smartphone avec des cartes préchargées est primordial, car les réseaux de communication pourraient être hors service. Il est crucial de comprendre les différents formats des coordonnées, tels que les degrés décimaux ou les degrés, minutes, secondes, et savoir les convertir si nécessaire. Pour naviguer efficacement, on peut marquer des points de ravitaillement, des abris sûrs et des dangers, puis planifier des itinéraires en conséquence. La communication des coordonnées avec les membres du groupe est indispensable pour organiser des points de rendez-vous et rester en contact. Associer ces coordonnées avec des cartes papier et utiliser une boussole permettent une navigation précise sans dépendre de l\'électronique. La maîtrise des coordonnées GPS peut faire la différence entre la vie et la mort dans une situation apocalyptique.',	'survivre-a-l-apocalypse-l-importance-des-coordonnees-gps',	'2024-06-06 08:11:39',	'2024-06-06 08:11:39',	'https://apocalypse.florencecarlin-server.eddi.cloud/images/articles/map-66616f3bb2dbf582700380.jpeg',	15,	2,	3),
(35,	'Que faire si Apo\'calypse vous déteste ?',	'Donc voilà le site me déteste, si vous êtes comme moi je vous explique :\r\n\r\nMettez-vous en PLS et pleurez. ',	'Donc voilà le site me déteste, si vous êtes comme moi je vous explique :\r\n\r\nMettez-vous en PLS et pleurez. ',	'que-faire-si-apocalypse-vous-deteste',	'2024-06-17 14:41:46',	NULL,	'https://apocalypse.florencecarlin-server.eddi.cloud/images/category/divers.png',	22,	2,	1),
(40,	'test',	'Ceci est un test :\r\n\r\nest-ce que maintenant ça marche ?',	'Ceci est un test :\r\n\r\nest-ce que maintenant ça marche ?',	'test',	'2024-06-17 15:04:39',	NULL,	'https://apocalypse.florencecarlin-server.eddi.cloud/images/category/divers.png',	22,	2,	1);

DROP TABLE IF EXISTS `category`;
CREATE TABLE `category` (
  `id` int(11) NOT NULL AUTO_INCREMENT,
  `name` varchar(64) NOT NULL,
  `home_order` int(11) NOT NULL,
  `picture` varchar(255) DEFAULT NULL,
  `updated_at` datetime DEFAULT NULL,
  PRIMARY KEY (`id`)
) ENGINE=InnoDB DEFAULT CHARSET=utf8mb4 COLLATE=utf8mb4_general_ci;

INSERT INTO `category` (`id`, `name`, `home_order`, `picture`, `updated_at`) VALUES
(1,	'Protection',	7,	'https://apocalypse.florencecarlin-server.eddi.cloud/images/category/protection.jpg',	NULL),
(2,	'Divers',	6,	'https://apocalypse.florencecarlin-server.eddi.cloud/images/category/divers.png',	NULL),
(3,	'Equipement',	5,	'https://apocalypse.florencecarlin-server.eddi.cloud/images/category/equipement.jpg',	NULL),
(4,	'Santé',	1,	'https://apocalypse.florencecarlin-server.eddi.cloud/images/category/sante.jpg',	NULL),
(5,	'Cuisine',	3,	'https://apocalypse.florencecarlin-server.eddi.cloud/images/category/cuisine.jpg',	NULL),
(6,	'Construction',	2,	'https://apocalypse.florencecarlin-server.eddi.cloud/images/category/construction.jpg',	NULL),
(7,	'Zombie',	4,	'https://apocalypse.florencecarlin-server.eddi.cloud/images/category/zombie.jpg',	NULL);

DROP TABLE IF EXISTS `city`;
CREATE TABLE `city` (
  `id` int(11) NOT NULL AUTO_INCREMENT,
  `name` varchar(255) NOT NULL,
  PRIMARY KEY (`id`)
) ENGINE=InnoDB DEFAULT CHARSET=utf8mb4 COLLATE=utf8mb4_general_ci;

INSERT INTO `city` (`id`, `name`) VALUES
(1,	'Paris'),
(2,	'Marseille'),
(3,	'Lyon'),
(4,	'Toulouse'),
(5,	'Nice'),
(6,	'Bordeaux'),
(7,	'Lille'),
(8,	'Strasbourg'),
(9,	'Nantes'),
(10,	'Montpellier'),
(11,	'Coruscent'),
(12,	'Brest'),
(13,	'Alexandrie'),
(14,	'Loin'),
(15,	'Beauvais'),
(16,	'Dimbsthal'),
(17,	'Grenoble'),
(18,	'Dijon');

DROP TABLE IF EXISTS `doctrine_migration_versions`;
CREATE TABLE `doctrine_migration_versions` (
  `version` varchar(191) NOT NULL,
  `executed_at` datetime DEFAULT NULL,
  `execution_time` int(11) DEFAULT NULL,
  PRIMARY KEY (`version`)
) ENGINE=InnoDB DEFAULT CHARSET=utf8mb4 COLLATE=utf8mb4_general_ci;

INSERT INTO `doctrine_migration_versions` (`version`, `executed_at`, `execution_time`) VALUES
('DoctrineMigrations\\Version20240605134113',	'2024-06-05 13:41:24',	383);

DROP TABLE IF EXISTS `pinpoint`;
CREATE TABLE `pinpoint` (
  `id` int(11) NOT NULL AUTO_INCREMENT,
  `description` longtext NOT NULL,
  `created_at` datetime NOT NULL,
  `updated_at` datetime DEFAULT NULL,
  `latitude` double NOT NULL,
  `longitude` double NOT NULL,
  `type_id` int(11) NOT NULL,
  `user_id` int(11) DEFAULT NULL,
  PRIMARY KEY (`id`),
  KEY `IDX_94252DDCC54C8C93` (`type_id`),
  KEY `IDX_94252DDCA76ED395` (`user_id`),
  CONSTRAINT `FK_94252DDCA76ED395` FOREIGN KEY (`user_id`) REFERENCES `user` (`id`) ON DELETE SET NULL,
  CONSTRAINT `FK_94252DDCC54C8C93` FOREIGN KEY (`type_id`) REFERENCES `type` (`id`) ON DELETE CASCADE
) ENGINE=InnoDB DEFAULT CHARSET=utf8mb4 COLLATE=utf8mb4_general_ci;

INSERT INTO `pinpoint` (`id`, `description`, `created_at`, `updated_at`, `latitude`, `longitude`, `type_id`, `user_id`) VALUES
(3,	'Un hôpital de campagne offrant des premiers soins et des médicaments de base. Personnel médical limité mais dévoué, traitant les blessures et infections mineures. Point de contact crucial pour les soins d\'urgence.',	'2024-05-13 18:37:35',	NULL,	43.2965,	5.3698,	2,	4),
(4,	'Un refuge sécurisé avec des murs renforcés et des systèmes de défense improvisés. Capable d\'accueillir plusieurs familles, équipé de lits, de couvertures et de chauffage. Surveillance constante pour prévenir les intrusions.',	'2024-01-18 15:19:08',	NULL,	48.1173,	-1.6778,	6,	2),
(5,	'Une zone fortement infestée de zombies et d\'autres menaces. Marquée par des panneaux d\'avertissement et des barricades. À éviter sauf en cas d\'extrême nécessité. Surveillance accrue recommandée pour passer en toute sécurité.',	'2024-04-18 12:49:48',	NULL,	43.7102,	7.2655,	4,	3),
(6,	'Un espace ouvert où les survivants se réunissent pour échanger des informations et des ressources. Activités de troc et de négociation fréquentes. Point de contact pour former des alliances et des communautés.',	'2024-03-19 04:14:56',	NULL,	43.6045,	1.4437,	8,	2),
(7,	'Un bâtiment abandonné mais sécurisé où des zombies ont été repérés. Danger potentiel élevé, à éviter. Évitez les zones proches et signalez tout mouvement suspect. Restez vigilant et soyez prêt à fuir en cas de besoin.',	'2024-02-04 22:17:03',	NULL,	50.8503,	4.351,	5,	6),
(8,	'Une source d\'eau potable fraîche située dans une zone protégée. Point de ravitaillement essentiel pour les groupes de survivants. Accès sécurisé et contrôlé pour éviter les contaminations.',	'2024-02-11 07:08:52',	NULL,	48.8566,	2.3522,	7,	10),
(10,	'cache d\'armes',	'2024-06-05 15:07:02',	NULL,	49.439507591675,	2.1024656295776,	1,	NULL),
(11,	'Carrefour market',	'2024-06-05 15:10:25',	NULL,	49.43305837597,	2.0813083648682,	2,	NULL),
(12,	'Source d\'eau potable',	'2024-06-05 15:10:48',	NULL,	49.438757079263,	2.0726823806763,	8,	NULL),
(15,	'Aéroport sécurisé',	'2024-06-05 15:16:43',	NULL,	49.456110498519,	2.1157264709473,	6,	NULL),
(16,	'Maison de Florence, venez tous !!',	'2024-06-05 15:17:36',	NULL,	48.608206590448,	7.7211570739746,	4,	NULL),
(17,	'Maison de David, vive la moutarde',	'2024-06-05 15:18:13',	NULL,	47.343130418238,	5.0379180908203,	4,	NULL),
(18,	'Abri de Sonia, tous à l\'eau ! ',	'2024-06-05 15:18:54',	NULL,	43.292531114357,	5.4035568237305,	4,	NULL),
(19,	'Route barrée',	'2024-06-05 15:20:01',	NULL,	49.397478471051,	2.1236228942871,	5,	NULL),
(21,	'partage de nourriture',	'2024-06-05 15:34:52',	NULL,	49.455610873576,	1.0842132568359,	2,	NULL),
(22,	'Une horde de zombie',	'2024-06-05 16:50:11',	NULL,	43.301441,	5.3717916,	7,	NULL),
(25,	'Cabane en bois',	'2024-06-05 21:08:06',	NULL,	49.475748773126,	2.100146333396,	4,	NULL),
(26,	'Foret dangereuse ! ',	'2024-06-05 21:15:28',	NULL,	49.443045250635,	2.032470703125,	5,	NULL),
(27,	'Zombie',	'2024-06-06 06:31:53',	NULL,	48.579273658137,	7.7239036560059,	7,	NULL),
(28,	'Eau...non potable',	'2024-06-06 06:32:13',	NULL,	48.588702241826,	7.7961730957031,	8,	NULL),
(29,	'Zone sécurisée',	'2024-06-06 06:32:28',	NULL,	48.54961327584,	7.7769470214844,	6,	NULL),
(30,	'Groupe de personnes dangereuses',	'2024-06-06 06:34:08',	NULL,	48.573476300146,	7.7743721008301,	5,	NULL),
(33,	'Rester loin l\'admin mord',	'2024-06-06 07:28:06',	NULL,	48.671380332418,	7.3564276364906,	5,	NULL),
(37,	'J\"ai soif ',	'2024-06-06 08:09:39',	NULL,	49.446982196636,	2.1217346191406,	8,	NULL),
(39,	'Petit zombie',	'2024-06-06 08:10:09',	NULL,	49.433169190615,	2.0510530471802,	7,	NULL),
(45,	'Medecin',	'2024-06-07 08:41:24',	NULL,	49.43883140546,	2.0574903488159,	3,	NULL),
(54,	'Fort Boyard ! FELINDRA TETE DE TIGRE ! ',	'2024-06-12 13:38:55',	NULL,	45.97841133517,	-1.1872100830078,	4,	NULL),
(55,	'<3',	'2024-06-12 13:39:26',	NULL,	46.158753083319,	-1.1504745483398,	6,	NULL),
(56,	'Médecin sans frontière',	'2024-06-13 11:04:53',	NULL,	48.583144734851,	8.2191467285156,	3,	NULL),
(57,	'Panisses ! ',	'2024-06-17 08:06:32',	NULL,	43.295339057157,	5.3745031356812,	2,	NULL),
(58,	'Soccas ! ',	'2024-06-17 08:07:04',	NULL,	43.701728964838,	7.2680568695068,	2,	NULL),
(59,	'Bonne bouffe ! ',	'2024-06-17 08:10:24',	NULL,	43.29506210918,	5.3762626647949,	2,	NULL),
(62,	'Aéroport fonctionnel',	'2024-06-17 10:20:08',	NULL,	49.76514660647,	2.2152042388916,	6,	NULL),
(63,	'Nouveau point',	'2024-06-17 14:02:54',	NULL,	48.579362198175,	7.8047561645508,	1,	NULL),
(64,	'test',	'2024-06-18 13:23:04',	NULL,	48.6094585855,	7.636184692382,	1,	NULL);

DROP TABLE IF EXISTS `question`;
CREATE TABLE `question` (
  `id` int(11) NOT NULL AUTO_INCREMENT,
  `title` varchar(255) NOT NULL,
  `content` longtext NOT NULL,
  `created_at` datetime NOT NULL,
  `updated_at` datetime DEFAULT NULL,
  `user_id` int(11) DEFAULT NULL,
  PRIMARY KEY (`id`),
  KEY `IDX_B6F7494EA76ED395` (`user_id`),
  CONSTRAINT `FK_B6F7494EA76ED395` FOREIGN KEY (`user_id`) REFERENCES `user` (`id`) ON DELETE SET NULL
) ENGINE=InnoDB DEFAULT CHARSET=utf8mb4 COLLATE=utf8mb4_general_ci;


DROP TABLE IF EXISTS `report`;
CREATE TABLE `report` (
  `id` int(11) NOT NULL AUTO_INCREMENT,
  `count` int(11) NOT NULL,
  `date` datetime NOT NULL,
  `search_notice_id` int(11) DEFAULT NULL,
  `city_id` int(11) DEFAULT NULL,
  PRIMARY KEY (`id`),
  KEY `IDX_C42F7784BCCE5003` (`search_notice_id`),
  KEY `IDX_C42F77848BAC62AF` (`city_id`),
  CONSTRAINT `FK_C42F77848BAC62AF` FOREIGN KEY (`city_id`) REFERENCES `city` (`id`) ON DELETE CASCADE,
  CONSTRAINT `FK_C42F7784BCCE5003` FOREIGN KEY (`search_notice_id`) REFERENCES `search_notice` (`id`) ON DELETE CASCADE
) ENGINE=InnoDB DEFAULT CHARSET=utf8mb4 COLLATE=utf8mb4_general_ci;

INSERT INTO `report` (`id`, `count`, `date`, `search_notice_id`, `city_id`) VALUES
(1,	6,	'2024-06-05 20:13:59',	5,	3),
(2,	3,	'2024-04-05 05:07:40',	8,	9),
(3,	2,	'2024-03-22 07:58:12',	5,	1),
(4,	4,	'2024-05-20 19:11:39',	5,	8),
(5,	6,	'2024-01-12 04:57:33',	9,	3),
(6,	3,	'2024-04-15 15:43:21',	7,	8),
(7,	1,	'2024-01-18 12:04:41',	7,	4),
(8,	2,	'2024-01-14 16:14:12',	9,	6),
(9,	4,	'2024-04-14 10:52:07',	7,	3),
(10,	5,	'2024-01-24 07:54:13',	2,	4),
(11,	2,	'2024-05-28 14:50:40',	4,	4),
(12,	1,	'2024-06-05 16:45:49',	4,	2),
(13,	1,	'2024-06-05 06:34:16',	1,	2),
(14,	1,	'2024-05-26 07:13:34',	10,	4),
(15,	1,	'2024-04-11 07:13:34',	10,	2),
(17,	1,	'2024-06-05 07:59:10',	24,	9),
(18,	2,	'2024-06-06 08:13:46',	27,	12),
(19,	1,	'2024-06-06 08:13:46',	27,	13),
(20,	3,	'2024-05-28 08:13:52',	27,	14),
(21,	1,	'2024-06-06 08:13:49',	27,	2),
(22,	1,	'2024-04-10 07:59:10',	4,	15),
(23,	1,	'2024-05-13 08:13:52',	4,	16),
(24,	1,	'2024-05-26 13:33:06',	4,	17),
(29,	1,	'2024-05-26 19:33:04',	22,	15);

DROP TABLE IF EXISTS `search_notice`;
CREATE TABLE `search_notice` (
  `id` int(11) NOT NULL AUTO_INCREMENT,
  `firstname` varchar(64) NOT NULL,
  `lastname` varchar(64) NOT NULL,
  `home` varchar(255) DEFAULT NULL,
  `description` longtext NOT NULL,
  `age` int(11) DEFAULT NULL,
  `picture` varchar(255) DEFAULT NULL,
  `status` int(11) NOT NULL,
  `created_at` datetime NOT NULL,
  `updated_at` datetime DEFAULT NULL,
  `latest_city` varchar(255) DEFAULT NULL,
  `latest_date` datetime DEFAULT NULL,
  `user_id` int(11) DEFAULT NULL,
  PRIMARY KEY (`id`),
  KEY `IDX_91EF2ADDA76ED395` (`user_id`),
  CONSTRAINT `FK_91EF2ADDA76ED395` FOREIGN KEY (`user_id`) REFERENCES `user` (`id`) ON DELETE CASCADE
) ENGINE=InnoDB DEFAULT CHARSET=utf8mb4 COLLATE=utf8mb4_general_ci;

INSERT INTO `search_notice` (`id`, `firstname`, `lastname`, `home`, `description`, `age`, `picture`, `status`, `created_at`, `updated_at`, `latest_city`, `latest_date`, `user_id`) VALUES
(1,	'Julie',	'Dubois',	'Paris',	'Elle est petite avec des cheveux longs et bruns, portant des lunettes et des boucles d\'oreilles en forme de cœur. Elle a une cicatrice sur la joue gauche.',	30,	'https://apocalypse.florencecarlin-server.eddi.cloud/images/searchnotices/julie-1.jpg',	0,	'2024-02-29 20:03:41',	NULL,	'Marseille',	'2024-06-05 06:34:16',	4),
(2,	'Jean',	'Dupont',	'Marseille',	'Grand et mince, avec des cheveux marron courts et des yeux marron foncé. Il porte une barbe bien entretenue et a une tatouage tribal sur son avant-bras gauche.',	40,	'https://apocalypse.florencecarlin-server.eddi.cloud/images/searchnotices/jean-2.jpg',	1,	'2024-02-29 02:11:13',	NULL,	'Marseille',	'2024-02-29 02:11:13',	7),
(3,	'Sophie',	'Martin',	'Lyon',	'De taille moyenne avec des cheveux roux bouclés et des taches de rousseur sur le visage. Elle porte un piercing au nez et un tatouage d\'étoile sur le poignet droit.',	25,	'https://apocalypse.florencecarlin-server.eddi.cloud/images/searchnotices/sophie-3.jpg',	1,	'2024-01-28 19:23:10',	NULL,	'Lyon',	'2024-01-28 19:23:10',	6),
(4,	'Thomas',	'Lefebvre',	'Toulouse',	'Costaud avec des cheveux noirs courts et des yeux marrons perçants. Il a une cicatrice sur le front et des boucles d\'oreilles en argent.',	35,	'https://apocalypse.florencecarlin-server.eddi.cloud/images/searchnotices/thomad-4.jpg',	0,	'2024-02-29 01:23:44',	NULL,	'Marseille',	'2024-06-05 16:45:49',	4),
(5,	'Marie',	'Leroy',	'Nice',	'Grande et élancée avec des cheveux blonds platine coupés courts et des yeux bleus étincelants. Elle porte un collier en argent et une bague en forme de papillon.',	40,	'https://apocalypse.florencecarlin-server.eddi.cloud/images/searchnotices/Marie-5.jpg',	0,	'2024-02-21 21:22:25',	NULL,	'Lyon',	'2024-06-05 20:13:59',	10),
(6,	'Pierre',	'Moreau',	'Bordeaux',	'De stature moyenne avec des cheveux gris poivre et sel et une moustache soigneusement taillée. Il porte des lunettes et une chemise à carreaux.',	50,	'https://apocalypse.florencecarlin-server.eddi.cloud/images/searchnotices/Pierre-6.jpg',	1,	'2024-01-09 16:29:48',	NULL,	'Bordeaux',	'2024-01-09 16:29:48',	5),
(7,	'Caroline',	'Girard',	'Lille',	'Petite avec des cheveux châtains ondulés et des yeux marrons. Elle porte un collier en perles et a un tatouage de fleur sur la cheville gauche.',	30,	'https://apocalypse.florencecarlin-server.eddi.cloud/images/searchnotices/caroline-7.jpg',	1,	'2024-01-01 18:26:31',	NULL,	'Toulouse',	'2024-01-18 12:04:41',	1),
(8,	'Nicolas',	'Andre',	'Strasbourg',	'De grande taille avec des cheveux bruns désordonnés et une barbe de quelques jours. Il porte un piercing à l\'oreille gauche et une montre en cuir.',	45,	'https://apocalypse.florencecarlin-server.eddi.cloud/images/searchnotices/nicolas-8.jpg',	0,	'2024-03-28 21:38:27',	NULL,	'Nantes',	'2024-04-05 05:07:40',	9),
(9,	'Camille',	'Thomas',	'Nantes',	'Elle est de taille moyenne avec des cheveux noirs raides et des lunettes rondes. Elle porte un chemisier à motifs floraux et un bracelet en argent.',	35,	'https://apocalypse.florencecarlin-server.eddi.cloud/images/searchnotices/camille-9.jpg',	1,	'2024-04-21 13:29:54',	NULL,	'Bordeaux',	'2024-01-14 16:14:12',	8),
(10,	'Vincent',	'Petit',	'Montpellier',	'Costaud avec des cheveux blonds en brosse et des yeux bleu clair. Il a une cicatrice sur le menton et porte un piercing à la lèvre inférieure.',	40,	'https://apocalypse.florencecarlin-server.eddi.cloud/images/searchnotices/vincent-10.jpg',	0,	'2024-04-28 11:53:00',	NULL,	'Toulouse',	'2024-05-26 07:13:34',	9),
(22,	'Lee',	'Jennah',	'Toulouse',	'Cette personne mesure environ 1m75, a une corpulence moyenne, des cheveux noirs mi-longs et des yeux marron foncé. Elle a été vue pour la dernière fois portant un manteau noir et un jean bleu. Aucun signe distinctif visible, tel que cicatrices ou tatouages, n\'a été noté. ',	30,	'https://apocalypse.florencecarlin-server.eddi.cloud/images/searchnotices/uifaces-human-image-1-6661646914f1a142979901.jpg',	0,	'2024-06-06 07:25:29',	'2024-06-06 07:25:29',	'Beauvais',	'2024-05-26 19:33:04',	19),
(23,	'Elisa',	'Dubois',	'Rennes',	'Nous recherchons activement une petite fille rousse répondant au nom d\'Elisa Dubois. Âgée de 8 ans, elle mesure environ 1m30. Elle a les cheveux roux, longs et bouclés, et des yeux verts. Elisa a été vue pour la dernière fois portant une robe bleue à motifs floraux et des chaussures blanches. Elle n\'a aucune cicatrice ou marque distinctive visible. \r\n\r\n\r\n\r\n\r\n\r\n\r\n',	13,	'https://apocalypse.florencecarlin-server.eddi.cloud/images/searchnotices/uifaces-human-image-2-666164cdd0741978934618.jpg',	0,	'2024-06-06 07:27:09',	'2024-06-06 07:27:09',	NULL,	NULL,	19),
(24,	'Pierre',	'Martin',	'Nice',	'Nous recherchons activement M. Pierre Martin, un homme de 40 ans. Il mesure environ 1m80 et a une corpulence moyenne. Pierre a les cheveux bruns courts et les yeux marron. Il porte toujours un béret, peu importe la saison. La dernière fois qu\'il a été vu, il portait un manteau gris et un pantalon noir. Aucun signe distinctif, tel que cicatrices ou tatouages, n\'a été noté.\r\n\r\n\r\n\r\n',	40,	'https://apocalypse.florencecarlin-server.eddi.cloud/images/searchnotices/uifaces-human-image-3-666165bf2e403195417314.jpg',	0,	'2024-06-06 07:31:11',	'2024-06-06 07:31:11',	'Nantes',	'2024-06-05 07:59:10',	19),
(25,	'Sophie',	'Durand',	'Nantes',	'Nous recherchons activement Mme Sophie Durand, une femme âgée de 35 ans. Elle mesure environ 1m65 et a une corpulence mince. Sophie a les cheveux courts, châtain foncé, et les yeux marron. Elle a été vue pour la dernière fois portant un blouson en cuir noir et un jean délavé. Aucun signe distinctif visible, tel que cicatrices ou tatouages, n\'a été noté. \r\n\r\n\r\n\r\n\r\n\r\n',	35,	'https://apocalypse.florencecarlin-server.eddi.cloud/images/searchnotices/uifaces-human-image-4-6661666406aba911434517.jpg',	0,	'2024-06-06 07:33:56',	'2024-06-06 07:33:56',	NULL,	NULL,	19),
(26,	'Penda',	'Ibra',	'Grenoble',	'Elle mesure environ 1m70 et a une corpulence athlétique. Ba les cheveux long  et les yeux foncé. Elle a été vue pour la dernière fois portant une veste rouge et un pantalon beige. Aucun signe distinctif visible, tel que cicatrices ou tatouages, n\'a été noté.',	30,	'https://apocalypse.florencecarlin-server.eddi.cloud/images/searchnotices/uifaces-human-image-5-666167acd2cf1686990217.jpg',	0,	'2024-06-06 07:39:24',	'2024-06-06 07:39:24',	NULL,	NULL,	19),
(27,	'Bernard',	'Hont',	'Brest',	'Vieil homme vivant dans son phare',	79,	'https://apocalypse.florencecarlin-server.eddi.cloud/images/searchnotices/hontb-66616fb2a1493477972866.png',	1,	'2024-06-06 08:13:38',	'2024-06-06 08:13:38',	'Marseille',	'2024-06-06 08:13:49',	15),
(28,	'C10',	'PO',	'Tatooine',	'Beep beep boop! Bip bip bip! Beep-boop bip bip boop. Beep boop bip! Bip bip beep! Boop beep beep bip boop. Boop beep bip bip boop. Bip boop beep beep. Boop beep bip bip boop. Bip boop beep beep bip boop. Beep boop bip! Bip bip bip beep boop!',	98,	'https://apocalypse.florencecarlin-server.eddi.cloud/images/searchnotices/uifaces-robot-image-66617b6e7dbd1718171232.jpg',	0,	'2024-06-06 09:03:42',	'2024-06-06 09:03:42',	NULL,	NULL,	15);

DROP TABLE IF EXISTS `status`;
CREATE TABLE `status` (
  `id` int(11) NOT NULL AUTO_INCREMENT,
  `name` varchar(64) NOT NULL,
  PRIMARY KEY (`id`)
) ENGINE=InnoDB DEFAULT CHARSET=utf8mb4 COLLATE=utf8mb4_general_ci;

INSERT INTO `status` (`id`, `name`) VALUES
(1,	'en attente'),
(2,	'refusé'),
(3,	'validé');

DROP TABLE IF EXISTS `type`;
CREATE TABLE `type` (
  `id` int(11) NOT NULL AUTO_INCREMENT,
  `name` varchar(64) NOT NULL,
  `icon_url` varchar(255) NOT NULL,
  PRIMARY KEY (`id`)
) ENGINE=InnoDB DEFAULT CHARSET=utf8mb4 COLLATE=utf8mb4_general_ci;

INSERT INTO `type` (`id`, `name`, `icon_url`) VALUES
(1,	'Arme',	'https://cdn-icons-png.flaticon.com/128/427/427276.png'),
(2,	'Provision',	'https://cdn-icons-png.flaticon.com/128/4417/4417832.png'),
(3,	'Soin',	'https://cdn-icons-png.flaticon.com/128/7196/7196589.png'),
(4,	'Abri',	'https://cdn-icons-png.flaticon.com/128/3010/3010995.png'),
(5,	'Danger',	'https://cdn-icons-png.flaticon.com/128/1028/1028690.png'),
(6,	'Rassemblement',	'https://cdn-icons-png.flaticon.com/128/1581/1581030.png'),
(7,	'Zombie',	'https://cdn-icons-png.flaticon.com/128/1233/1233009.png'),
(8,	'Eau',	'https://cdn-icons-png.flaticon.com/128/824/824239.png');

DROP TABLE IF EXISTS `user`;
CREATE TABLE `user` (
  `id` int(11) NOT NULL AUTO_INCREMENT,
  `email` varchar(255) NOT NULL,
  `roles` longtext CHARACTER SET utf8mb4 COLLATE utf8mb4_bin NOT NULL CHECK (json_valid(`roles`)),
  `password` varchar(255) NOT NULL,
  `firstname` varchar(64) NOT NULL,
  `lastname` varchar(64) NOT NULL,
  PRIMARY KEY (`id`),
  UNIQUE KEY `UNIQ_IDENTIFIER_EMAIL` (`email`)
) ENGINE=InnoDB DEFAULT CHARSET=utf8mb4 COLLATE=utf8mb4_general_ci;

INSERT INTO `user` (`id`, `email`, `roles`, `password`, `firstname`, `lastname`) VALUES
(1,	'francoise.david@laposte.net',	'[\"ROLE_USER\"]',	'$2y$13$rQmJSxD1ACS53GtlZKC0deynlxItddPRSassJD7iinbXqj8JvW5yu',	'Valentine',	'Rossignol'),
(2,	'remy54@dbmail.com',	'[\"ROLE_USER\"]',	'$2y$13$VgxmAruoM/QaKCIQiIomKesxKDgQRbxsvnasd0dTcRASCojadJ70G',	'Julie',	'Potier'),
(3,	'simone.fleury@texier.net',	'[\"ROLE_USER\"]',	'$2y$13$se1BpCBqosUlORFlHt./3OoCR5QhNUymUvQKJjEVFlg7lYKbZXFma',	'Alexandria',	'Riou'),
(4,	'frederic.gilbert@boulay.net',	'[\"ROLE_USER\"]',	'$2y$13$inDfXyqtC3WyUyWGN53OU.F1StRTeqh25zFIhSeWAyeVTH2KAlMDq',	'Lucas',	'Bourgeois'),
(5,	'legoff.thibault@free.fr',	'[\"ROLE_USER\"]',	'$2y$13$XKuQ.DhJulBw.M5gV8JglOAHscVdLwhm53o45s7JiD.26NBbI2NJW',	'Céline',	'Colin'),
(6,	'alain.delattre@besson.fr',	'[\"ROLE_USER\"]',	'$2y$13$mxPmq7fZeDm8VeuhmbHIxu4fQEQtw5HlbJVEQM9q1ZQmjsDYq5zwO',	'Christine',	'Hebert'),
(7,	'jcaron@martineau.com',	'[\"ROLE_ADMIN\"]',	'$2y$13$IKfAZnTmZerN/qbsNxdjneToduTKeGTTT5xfHXh5VRWUb677KZxbC',	'Yannick',	'Duval'),
(8,	'alix.rousseau@wanadoo.fr',	'[\"ROLE_USER\"]',	'$2y$13$OJLDjC1i8i.TbDdut5snJ.QzPIsJAX/cp8rJg2i84Ry5HHF.dUy7a',	'Alexandrie',	'Delmas'),
(9,	'anastasie.mathieu@barbier.org',	'[\"ROLE_USER\"]',	'$2y$13$38QrdntNaXfb1nMtEgl1UOHSHjyF2NRCOAkIhO9whmJIKCP9puUT2',	'Gilbert',	'Barbier'),
(10,	'kjoseph@girard.fr',	'[\"ROLE_USER\"]',	'$2y$13$jGXDYTaHCvwcmFmKbP.RDOPPWGFNId.9AoHwj0bhOQ9K/Helvgfwi',	'Aurélie',	'Laine'),
(12,	'suzanne.tanguy@free.fr',	'[\"ROLE_ADMIN\"]',	'$2y$13$Yxi4BCiTEL0G15PAjLzljOmjowR7zoxul1i0lQ6NDP9QeRzLjKk9C',	'Florence',	'Masson'),
(13,	'julien.patrick@grenier.net',	'[\"ROLE_ADMIN\"]',	'$2y$13$zfImV2TWW7vMaxYPYcN6UOaE4DQjWUe0c.ryuzLOX8rJLsd4ID2sa',	'Sonia',	'Couturier'),
(14,	'clemaitre@sfr.fr',	'[\"ROLE_ADMIN\"]',	'$2y$13$8t4RP5uoJk7oVfIaemwOMOSz0xCsFYynEIJCp55KZMImntx6OvZXC',	'Marcelle',	'Caron'),
(15,	'denovann@live.fr',	'[\"ROLE_ADMIN\"]',	'$2y$13$4mYavEyXXlNoL.BqiU6FjOhhiTmUZesYj5.G3gA2Jd1YNcoD9KBQO',	'Denovann',	'Belloir'),
(17,	'florenc.carlin@gmail.com',	'[\"ROLE_USER\"]',	'$2y$13$xIMbrszRdDhFlrFRTEgs8OweH1wfcqjGUWO30mb/tAzA.HkdgJcjm',	'Florence',	'Carlin'),
(19,	'sonia.hammou@gmail.com',	'[\"ROLE_USER\"]',	'$2y$13$su1a7a1QrNCJgDKzWuyrpeY1jpXN3A/swq8k4SvQab9QD3rNhxCx2',	'sonia',	'hammou'),
(20,	'guilhaume.harnaud@test.com',	'[\"ROLE_USER\"]',	'$2y$13$jbW7C/tjO4SUOHzsPH5tb.921PovXvOPWX.0S/w9JnJlhHwQJBhjC',	'Guilhaume',	'Harnaut'),
(21,	'david.bassi.db@gmail.com',	'[\"ROLE_ADMIN\"]',	'$2y$13$foAh.BB2E/eAqvu.HMhwt.GUf9nUQTbBttGbV4x7c0nwMRO6Y54wq',	'David',	'Bassi'),
(22,	'flo.test@test.com',	'[\"ROLE_USER\"]',	'$2y$13$Ni0xl0FoIxi6FyNebBrPA.upgecck.T137.7uZZ.90zMPV7tj75ha',	'Flo',	'Carlin');

-- 2024-06-20 07:32:05
